{
    "accel_offset": [
        0.08637084200000002,
        0.30647695799999997,
        0.07646018599999849
    ],
    "gyro_offset": [
        -0.005334880000000009,
        -0.006067780000000009,
        -4.473799999999992e-05
    ],
    "mag_offset": [
        -2.398446119147752,
        -18.833216445969686,
        5.638546909902459
    ],
    "mag_matrix": [
        [
            0.02329326034443194,
            0.0003926509270781821,
            0.0008427203340189496
        ],
        [
            0.0,
            0.023281394961255676,
            -0.0011495115418967724
        ],
        [
            0.0,
            0.0,
            0.024694660799464432
        ]
    ]
}